{
    "tilemap": {
        "8;8": {
            "type": "grass",
            "variant": 0,
            "pos": [
                8,
                8
            ]
        },
        "8;9": {
            "type": "grass",
            "variant": 7,
            "pos": [
                8,
                9
            ]
        },
        "8;10": {
            "type": "grass",
            "variant": 6,
            "pos": [
                8,
                10
            ]
        },
        "8;14": {
            "type": "grass",
            "variant": 1,
            "pos": [
                8,
                14
            ]
        },
        "8;15": {
            "type": "grass",
            "variant": 8,
            "pos": [
                8,
                15
            ]
        },
        "9;15": {
            "type": "grass",
            "variant": 8,
            "pos": [
                9,
                15
            ]
        },
        "9;16": {
            "type": "grass",
            "variant": 8,
            "pos": [
                9,
                16
            ]
        },
        "10;16": {
            "type": "grass",
            "variant": 8,
            "pos": [
                10,
                16
            ]
        },
        "11;16": {
            "type": "grass",
            "variant": 8,
            "pos": [
                11,
                16
            ]
        },
        "12;16": {
            "type": "grass",
            "variant": 4,
            "pos": [
                12,
                16
            ]
        },
        "12;15": {
            "type": "grass",
            "variant": 8,
            "pos": [
                12,
                15
            ]
        },
        "13;15": {
            "type": "grass",
            "variant": 4,
            "pos": [
                13,
                15
            ]
        },
        "13;14": {
            "type": "grass",
            "variant": 3,
            "pos": [
                13,
                14
            ]
        },
        "13;13": {
            "type": "grass",
            "variant": 2,
            "pos": [
                13,
                13
            ]
        },
        "13;8": {
            "type": "grass",
            "variant": 4,
            "pos": [
                13,
                8
            ]
        },
        "13;7": {
            "type": "grass",
            "variant": 2,
            "pos": [
                13,
                7
            ]
        },
        "12;7": {
            "type": "grass",
            "variant": 1,
            "pos": [
                12,
                7
            ]
        },
        "11;7": {
            "type": "grass",
            "variant": 1,
            "pos": [
                11,
                7
            ]
        },
        "10;7": {
            "type": "grass",
            "variant": 1,
            "pos": [
                10,
                7
            ]
        },
        "10;8": {
            "type": "grass",
            "variant": 8,
            "pos": [
                10,
                8
            ]
        },
        "9;8": {
            "type": "grass",
            "variant": 8,
            "pos": [
                9,
                8
            ]
        },
        "9;7": {
            "type": "grass",
            "variant": 0,
            "pos": [
                9,
                7
            ]
        },
        "11;8": {
            "type": "grass",
            "variant": 8,
            "pos": [
                11,
                8
            ]
        },
        "12;8": {
            "type": "grass",
            "variant": 8,
            "pos": [
                12,
                8
            ]
        },
        "12;9": {
            "type": "grass",
            "variant": 3,
            "pos": [
                12,
                9
            ]
        },
        "12;10": {
            "type": "grass",
            "variant": 4,
            "pos": [
                12,
                10
            ]
        },
        "12;13": {
            "type": "grass",
            "variant": 1,
            "pos": [
                12,
                13
            ]
        },
        "12;14": {
            "type": "grass",
            "variant": 8,
            "pos": [
                12,
                14
            ]
        },
        "11;14": {
            "type": "grass",
            "variant": 8,
            "pos": [
                11,
                14
            ]
        },
        "11;15": {
            "type": "grass",
            "variant": 8,
            "pos": [
                11,
                15
            ]
        },
        "10;15": {
            "type": "grass",
            "variant": 8,
            "pos": [
                10,
                15
            ]
        },
        "10;14": {
            "type": "grass",
            "variant": 8,
            "pos": [
                10,
                14
            ]
        },
        "10;13": {
            "type": "grass",
            "variant": 1,
            "pos": [
                10,
                13
            ]
        },
        "9;14": {
            "type": "grass",
            "variant": 8,
            "pos": [
                9,
                14
            ]
        },
        "9;13": {
            "type": "grass",
            "variant": 0,
            "pos": [
                9,
                13
            ]
        },
        "9;10": {
            "type": "grass",
            "variant": 5,
            "pos": [
                9,
                10
            ]
        },
        "9;9": {
            "type": "grass",
            "variant": 8,
            "pos": [
                9,
                9
            ]
        },
        "10;9": {
            "type": "grass",
            "variant": 8,
            "pos": [
                10,
                9
            ]
        },
        "10;10": {
            "type": "grass",
            "variant": 5,
            "pos": [
                10,
                10
            ]
        },
        "11;10": {
            "type": "grass",
            "variant": 5,
            "pos": [
                11,
                10
            ]
        },
        "11;13": {
            "type": "grass",
            "variant": 1,
            "pos": [
                11,
                13
            ]
        },
        "11;9": {
            "type": "grass",
            "variant": 8,
            "pos": [
                11,
                9
            ]
        },
        "16;10": {
            "type": "grass",
            "variant": 0,
            "pos": [
                16,
                10
            ]
        },
        "17;10": {
            "type": "grass",
            "variant": 1,
            "pos": [
                17,
                10
            ]
        },
        "18;10": {
            "type": "grass",
            "variant": 1,
            "pos": [
                18,
                10
            ]
        },
        "19;10": {
            "type": "grass",
            "variant": 1,
            "pos": [
                19,
                10
            ]
        },
        "20;10": {
            "type": "grass",
            "variant": 1,
            "pos": [
                20,
                10
            ]
        },
        "21;10": {
            "type": "grass",
            "variant": 1,
            "pos": [
                21,
                10
            ]
        },
        "22;10": {
            "type": "grass",
            "variant": 1,
            "pos": [
                22,
                10
            ]
        },
        "23;10": {
            "type": "grass",
            "variant": 1,
            "pos": [
                23,
                10
            ]
        },
        "24;10": {
            "type": "grass",
            "variant": 1,
            "pos": [
                24,
                10
            ]
        },
        "25;10": {
            "type": "grass",
            "variant": 1,
            "pos": [
                25,
                10
            ]
        },
        "26;10": {
            "type": "grass",
            "variant": 2,
            "pos": [
                26,
                10
            ]
        },
        "26;11": {
            "type": "grass",
            "variant": 8,
            "pos": [
                26,
                11
            ]
        },
        "27;11": {
            "type": "grass",
            "variant": 2,
            "pos": [
                27,
                11
            ]
        },
        "26;12": {
            "type": "grass",
            "variant": 8,
            "pos": [
                26,
                12
            ]
        },
        "26;13": {
            "type": "grass",
            "variant": 8,
            "pos": [
                26,
                13
            ]
        },
        "26;14": {
            "type": "grass",
            "variant": 4,
            "pos": [
                26,
                14
            ]
        },
        "25;14": {
            "type": "grass",
            "variant": 8,
            "pos": [
                25,
                14
            ]
        },
        "24;13": {
            "type": "grass",
            "variant": 8,
            "pos": [
                24,
                13
            ]
        },
        "23;13": {
            "type": "grass",
            "variant": 8,
            "pos": [
                23,
                13
            ]
        },
        "22;13": {
            "type": "grass",
            "variant": 8,
            "pos": [
                22,
                13
            ]
        },
        "21;13": {
            "type": "grass",
            "variant": 8,
            "pos": [
                21,
                13
            ]
        },
        "20;13": {
            "type": "grass",
            "variant": 8,
            "pos": [
                20,
                13
            ]
        },
        "19;13": {
            "type": "grass",
            "variant": 8,
            "pos": [
                19,
                13
            ]
        },
        "18;13": {
            "type": "grass",
            "variant": 8,
            "pos": [
                18,
                13
            ]
        },
        "17;13": {
            "type": "grass",
            "variant": 8,
            "pos": [
                17,
                13
            ]
        },
        "17;12": {
            "type": "grass",
            "variant": 8,
            "pos": [
                17,
                12
            ]
        },
        "16;12": {
            "type": "grass",
            "variant": 7,
            "pos": [
                16,
                12
            ]
        },
        "16;11": {
            "type": "grass",
            "variant": 7,
            "pos": [
                16,
                11
            ]
        },
        "27;12": {
            "type": "grass",
            "variant": 3,
            "pos": [
                27,
                12
            ]
        },
        "27;13": {
            "type": "grass",
            "variant": 4,
            "pos": [
                27,
                13
            ]
        },
        "17;11": {
            "type": "grass",
            "variant": 8,
            "pos": [
                17,
                11
            ]
        },
        "18;11": {
            "type": "grass",
            "variant": 8,
            "pos": [
                18,
                11
            ]
        },
        "19;11": {
            "type": "grass",
            "variant": 8,
            "pos": [
                19,
                11
            ]
        },
        "20;11": {
            "type": "grass",
            "variant": 8,
            "pos": [
                20,
                11
            ]
        },
        "21;11": {
            "type": "grass",
            "variant": 8,
            "pos": [
                21,
                11
            ]
        },
        "22;11": {
            "type": "grass",
            "variant": 8,
            "pos": [
                22,
                11
            ]
        },
        "23;11": {
            "type": "grass",
            "variant": 8,
            "pos": [
                23,
                11
            ]
        },
        "24;11": {
            "type": "grass",
            "variant": 8,
            "pos": [
                24,
                11
            ]
        },
        "25;11": {
            "type": "grass",
            "variant": 8,
            "pos": [
                25,
                11
            ]
        },
        "25;12": {
            "type": "grass",
            "variant": 8,
            "pos": [
                25,
                12
            ]
        },
        "25;13": {
            "type": "grass",
            "variant": 8,
            "pos": [
                25,
                13
            ]
        },
        "24;12": {
            "type": "grass",
            "variant": 8,
            "pos": [
                24,
                12
            ]
        },
        "23;12": {
            "type": "grass",
            "variant": 8,
            "pos": [
                23,
                12
            ]
        },
        "22;12": {
            "type": "grass",
            "variant": 8,
            "pos": [
                22,
                12
            ]
        },
        "21;12": {
            "type": "grass",
            "variant": 8,
            "pos": [
                21,
                12
            ]
        },
        "20;12": {
            "type": "grass",
            "variant": 8,
            "pos": [
                20,
                12
            ]
        },
        "19;12": {
            "type": "grass",
            "variant": 8,
            "pos": [
                19,
                12
            ]
        },
        "18;12": {
            "type": "grass",
            "variant": 8,
            "pos": [
                18,
                12
            ]
        },
        "32;8": {
            "type": "grass",
            "variant": 2,
            "pos": [
                32,
                8
            ]
        },
        "31;8": {
            "type": "grass",
            "variant": 1,
            "pos": [
                31,
                8
            ]
        },
        "30;8": {
            "type": "grass",
            "variant": 0,
            "pos": [
                30,
                8
            ]
        },
        "30;9": {
            "type": "grass",
            "variant": 7,
            "pos": [
                30,
                9
            ]
        },
        "30;10": {
            "type": "grass",
            "variant": 6,
            "pos": [
                30,
                10
            ]
        },
        "30;11": {
            "type": "stone",
            "variant": 0,
            "pos": [
                30,
                11
            ]
        },
        "31;11": {
            "type": "stone",
            "variant": 1,
            "pos": [
                31,
                11
            ]
        },
        "32;11": {
            "type": "stone",
            "variant": 4,
            "pos": [
                32,
                11
            ]
        },
        "32;10": {
            "type": "stone",
            "variant": 2,
            "pos": [
                32,
                10
            ]
        },
        "32;9": {
            "type": "grass",
            "variant": 4,
            "pos": [
                32,
                9
            ]
        },
        "31;9": {
            "type": "grass",
            "variant": 8,
            "pos": [
                31,
                9
            ]
        },
        "31;10": {
            "type": "grass",
            "variant": 4,
            "pos": [
                31,
                10
            ]
        },
        "31;12": {
            "type": "stone",
            "variant": 4,
            "pos": [
                31,
                12
            ]
        },
        "30;12": {
            "type": "stone",
            "variant": 6,
            "pos": [
                30,
                12
            ]
        },
        "34;5": {
            "type": "stone",
            "variant": 7,
            "pos": [
                34,
                5
            ]
        },
        "34;6": {
            "type": "stone",
            "variant": 7,
            "pos": [
                34,
                6
            ]
        },
        "35;6": {
            "type": "stone",
            "variant": 3,
            "pos": [
                35,
                6
            ]
        },
        "35;5": {
            "type": "stone",
            "variant": 3,
            "pos": [
                35,
                5
            ]
        },
        "35;7": {
            "type": "stone",
            "variant": 4,
            "pos": [
                35,
                7
            ]
        },
        "34;7": {
            "type": "stone",
            "variant": 6,
            "pos": [
                34,
                7
            ]
        },
        "31;4": {
            "type": "grass",
            "variant": 4,
            "pos": [
                31,
                4
            ]
        },
        "31;3": {
            "type": "grass",
            "variant": 3,
            "pos": [
                31,
                3
            ]
        },
        "31;2": {
            "type": "grass",
            "variant": 2,
            "pos": [
                31,
                2
            ]
        },
        "30;2": {
            "type": "grass",
            "variant": 0,
            "pos": [
                30,
                2
            ]
        },
        "30;3": {
            "type": "grass",
            "variant": 8,
            "pos": [
                30,
                3
            ]
        },
        "30;4": {
            "type": "grass",
            "variant": 5,
            "pos": [
                30,
                4
            ]
        },
        "34;4": {
            "type": "stone",
            "variant": 7,
            "pos": [
                34,
                4
            ]
        },
        "34;3": {
            "type": "stone",
            "variant": 7,
            "pos": [
                34,
                3
            ]
        },
        "34;2": {
            "type": "stone",
            "variant": 7,
            "pos": [
                34,
                2
            ]
        },
        "34;1": {
            "type": "stone",
            "variant": 7,
            "pos": [
                34,
                1
            ]
        },
        "34;0": {
            "type": "stone",
            "variant": 0,
            "pos": [
                34,
                0
            ]
        },
        "35;0": {
            "type": "stone",
            "variant": 2,
            "pos": [
                35,
                0
            ]
        },
        "35;1": {
            "type": "stone",
            "variant": 3,
            "pos": [
                35,
                1
            ]
        },
        "35;2": {
            "type": "stone",
            "variant": 3,
            "pos": [
                35,
                2
            ]
        },
        "35;3": {
            "type": "stone",
            "variant": 3,
            "pos": [
                35,
                3
            ]
        },
        "35;4": {
            "type": "stone",
            "variant": 3,
            "pos": [
                35,
                4
            ]
        },
        "27;0": {
            "type": "stone",
            "variant": 2,
            "pos": [
                27,
                0
            ]
        },
        "26;0": {
            "type": "stone",
            "variant": 1,
            "pos": [
                26,
                0
            ]
        },
        "25;0": {
            "type": "stone",
            "variant": 1,
            "pos": [
                25,
                0
            ]
        },
        "24;0": {
            "type": "stone",
            "variant": 1,
            "pos": [
                24,
                0
            ]
        },
        "23;0": {
            "type": "stone",
            "variant": 1,
            "pos": [
                23,
                0
            ]
        },
        "22;0": {
            "type": "stone",
            "variant": 1,
            "pos": [
                22,
                0
            ]
        },
        "21;0": {
            "type": "stone",
            "variant": 1,
            "pos": [
                21,
                0
            ]
        },
        "20;0": {
            "type": "stone",
            "variant": 8,
            "pos": [
                20,
                0
            ]
        },
        "20;1": {
            "type": "stone",
            "variant": 8,
            "pos": [
                20,
                1
            ]
        },
        "20;2": {
            "type": "stone",
            "variant": 6,
            "pos": [
                20,
                2
            ]
        },
        "21;2": {
            "type": "stone",
            "variant": 5,
            "pos": [
                21,
                2
            ]
        },
        "21;1": {
            "type": "stone",
            "variant": 8,
            "pos": [
                21,
                1
            ]
        },
        "22;1": {
            "type": "stone",
            "variant": 8,
            "pos": [
                22,
                1
            ]
        },
        "23;1": {
            "type": "stone",
            "variant": 8,
            "pos": [
                23,
                1
            ]
        },
        "24;1": {
            "type": "stone",
            "variant": 8,
            "pos": [
                24,
                1
            ]
        },
        "25;1": {
            "type": "stone",
            "variant": 8,
            "pos": [
                25,
                1
            ]
        },
        "26;1": {
            "type": "stone",
            "variant": 8,
            "pos": [
                26,
                1
            ]
        },
        "26;2": {
            "type": "stone",
            "variant": 4,
            "pos": [
                26,
                2
            ]
        },
        "25;2": {
            "type": "stone",
            "variant": 5,
            "pos": [
                25,
                2
            ]
        },
        "24;2": {
            "type": "stone",
            "variant": 5,
            "pos": [
                24,
                2
            ]
        },
        "23;2": {
            "type": "stone",
            "variant": 5,
            "pos": [
                23,
                2
            ]
        },
        "22;2": {
            "type": "stone",
            "variant": 5,
            "pos": [
                22,
                2
            ]
        },
        "27;1": {
            "type": "stone",
            "variant": 4,
            "pos": [
                27,
                1
            ]
        },
        "19;0": {
            "type": "stone",
            "variant": 7,
            "pos": [
                19,
                0
            ]
        },
        "19;-1": {
            "type": "stone",
            "variant": 0,
            "pos": [
                19,
                -1
            ]
        },
        "19;1": {
            "type": "stone",
            "variant": 6,
            "pos": [
                19,
                1
            ]
        },
        "20;-1": {
            "type": "stone",
            "variant": 2,
            "pos": [
                20,
                -1
            ]
        },
        "15;-3": {
            "type": "grass",
            "variant": 2,
            "pos": [
                15,
                -3
            ]
        },
        "14;-3": {
            "type": "grass",
            "variant": 1,
            "pos": [
                14,
                -3
            ]
        },
        "13;-3": {
            "type": "grass",
            "variant": 1,
            "pos": [
                13,
                -3
            ]
        },
        "12;-3": {
            "type": "grass",
            "variant": 1,
            "pos": [
                12,
                -3
            ]
        },
        "11;-3": {
            "type": "grass",
            "variant": 1,
            "pos": [
                11,
                -3
            ]
        },
        "10;-3": {
            "type": "grass",
            "variant": 1,
            "pos": [
                10,
                -3
            ]
        },
        "10;-2": {
            "type": "grass",
            "variant": 8,
            "pos": [
                10,
                -2
            ]
        },
        "10;-1": {
            "type": "grass",
            "variant": 6,
            "pos": [
                10,
                -1
            ]
        },
        "11;-1": {
            "type": "grass",
            "variant": 8,
            "pos": [
                11,
                -1
            ]
        },
        "12;-1": {
            "type": "grass",
            "variant": 8,
            "pos": [
                12,
                -1
            ]
        },
        "13;-1": {
            "type": "grass",
            "variant": 8,
            "pos": [
                13,
                -1
            ]
        },
        "14;-1": {
            "type": "grass",
            "variant": 8,
            "pos": [
                14,
                -1
            ]
        },
        "15;-1": {
            "type": "grass",
            "variant": 4,
            "pos": [
                15,
                -1
            ]
        },
        "15;-2": {
            "type": "grass",
            "variant": 3,
            "pos": [
                15,
                -2
            ]
        },
        "14;-2": {
            "type": "grass",
            "variant": 8,
            "pos": [
                14,
                -2
            ]
        },
        "13;-2": {
            "type": "grass",
            "variant": 8,
            "pos": [
                13,
                -2
            ]
        },
        "12;-2": {
            "type": "grass",
            "variant": 8,
            "pos": [
                12,
                -2
            ]
        },
        "11;-2": {
            "type": "grass",
            "variant": 8,
            "pos": [
                11,
                -2
            ]
        },
        "11;0": {
            "type": "grass",
            "variant": 6,
            "pos": [
                11,
                0
            ]
        },
        "12;0": {
            "type": "grass",
            "variant": 5,
            "pos": [
                12,
                0
            ]
        },
        "13;0": {
            "type": "grass",
            "variant": 5,
            "pos": [
                13,
                0
            ]
        },
        "14;0": {
            "type": "grass",
            "variant": 4,
            "pos": [
                14,
                0
            ]
        },
        "9;-2": {
            "type": "grass",
            "variant": 6,
            "pos": [
                9,
                -2
            ]
        },
        "9;-3": {
            "type": "grass",
            "variant": 0,
            "pos": [
                9,
                -3
            ]
        },
        "4;0": {
            "type": "grass",
            "variant": 1,
            "pos": [
                4,
                0
            ]
        },
        "3;0": {
            "type": "grass",
            "variant": 0,
            "pos": [
                3,
                0
            ]
        },
        "3;1": {
            "type": "grass",
            "variant": 6,
            "pos": [
                3,
                1
            ]
        },
        "4;1": {
            "type": "grass",
            "variant": 8,
            "pos": [
                4,
                1
            ]
        },
        "5;1": {
            "type": "grass",
            "variant": 8,
            "pos": [
                5,
                1
            ]
        },
        "5;0": {
            "type": "grass",
            "variant": 1,
            "pos": [
                5,
                0
            ]
        },
        "6;0": {
            "type": "grass",
            "variant": 2,
            "pos": [
                6,
                0
            ]
        },
        "6;1": {
            "type": "grass",
            "variant": 4,
            "pos": [
                6,
                1
            ]
        },
        "5;2": {
            "type": "grass",
            "variant": 3,
            "pos": [
                5,
                2
            ]
        },
        "-2;4": {
            "type": "grass",
            "variant": 1,
            "pos": [
                -2,
                4
            ]
        },
        "-3;4": {
            "type": "grass",
            "variant": 1,
            "pos": [
                -3,
                4
            ]
        },
        "-4;4": {
            "type": "grass",
            "variant": 1,
            "pos": [
                -4,
                4
            ]
        },
        "-5;4": {
            "type": "grass",
            "variant": 1,
            "pos": [
                -5,
                4
            ]
        },
        "-6;4": {
            "type": "grass",
            "variant": 1,
            "pos": [
                -6,
                4
            ]
        },
        "-7;4": {
            "type": "grass",
            "variant": 1,
            "pos": [
                -7,
                4
            ]
        },
        "-8;4": {
            "type": "grass",
            "variant": 0,
            "pos": [
                -8,
                4
            ]
        },
        "-8;5": {
            "type": "grass",
            "variant": 7,
            "pos": [
                -8,
                5
            ]
        },
        "-8;6": {
            "type": "grass",
            "variant": 6,
            "pos": [
                -8,
                6
            ]
        },
        "-7;6": {
            "type": "grass",
            "variant": 8,
            "pos": [
                -7,
                6
            ]
        },
        "-6;6": {
            "type": "grass",
            "variant": 8,
            "pos": [
                -6,
                6
            ]
        },
        "-5;6": {
            "type": "grass",
            "variant": 8,
            "pos": [
                -5,
                6
            ]
        },
        "-4;6": {
            "type": "grass",
            "variant": 8,
            "pos": [
                -4,
                6
            ]
        },
        "-3;6": {
            "type": "grass",
            "variant": 8,
            "pos": [
                -3,
                6
            ]
        },
        "-2;6": {
            "type": "grass",
            "variant": 8,
            "pos": [
                -2,
                6
            ]
        },
        "-1;6": {
            "type": "grass",
            "variant": 8,
            "pos": [
                -1,
                6
            ]
        },
        "0;6": {
            "type": "grass",
            "variant": 8,
            "pos": [
                0,
                6
            ]
        },
        "0;5": {
            "type": "grass",
            "variant": 8,
            "pos": [
                0,
                5
            ]
        },
        "-1;4": {
            "type": "grass",
            "variant": 8,
            "pos": [
                -1,
                4
            ]
        },
        "-2;5": {
            "type": "grass",
            "variant": 8,
            "pos": [
                -2,
                5
            ]
        },
        "-3;5": {
            "type": "grass",
            "variant": 8,
            "pos": [
                -3,
                5
            ]
        },
        "-4;5": {
            "type": "grass",
            "variant": 8,
            "pos": [
                -4,
                5
            ]
        },
        "-5;5": {
            "type": "grass",
            "variant": 8,
            "pos": [
                -5,
                5
            ]
        },
        "-7;5": {
            "type": "grass",
            "variant": 8,
            "pos": [
                -7,
                5
            ]
        },
        "-6;5": {
            "type": "grass",
            "variant": 8,
            "pos": [
                -6,
                5
            ]
        },
        "-1;5": {
            "type": "grass",
            "variant": 8,
            "pos": [
                -1,
                5
            ]
        },
        "-2;7": {
            "type": "grass",
            "variant": 8,
            "pos": [
                -2,
                7
            ]
        },
        "-3;7": {
            "type": "grass",
            "variant": 8,
            "pos": [
                -3,
                7
            ]
        },
        "-4;7": {
            "type": "grass",
            "variant": 8,
            "pos": [
                -4,
                7
            ]
        },
        "-5;7": {
            "type": "grass",
            "variant": 8,
            "pos": [
                -5,
                7
            ]
        },
        "-6;7": {
            "type": "grass",
            "variant": 8,
            "pos": [
                -6,
                7
            ]
        },
        "-7;7": {
            "type": "grass",
            "variant": 6,
            "pos": [
                -7,
                7
            ]
        },
        "0;4": {
            "type": "grass",
            "variant": 8,
            "pos": [
                0,
                4
            ]
        },
        "0;3": {
            "type": "grass",
            "variant": 1,
            "pos": [
                0,
                3
            ]
        },
        "-1;3": {
            "type": "grass",
            "variant": 0,
            "pos": [
                -1,
                3
            ]
        },
        "1;3": {
            "type": "grass",
            "variant": 2,
            "pos": [
                1,
                3
            ]
        },
        "1;4": {
            "type": "grass",
            "variant": 3,
            "pos": [
                1,
                4
            ]
        },
        "10;6": {
            "type": "decor",
            "variant": 0,
            "pos": [
                10,
                6
            ]
        },
        "17;9": {
            "type": "decor",
            "variant": 0,
            "pos": [
                17,
                9
            ]
        },
        "21;9": {
            "type": "decor",
            "variant": 0,
            "pos": [
                21,
                9
            ]
        },
        "24;9": {
            "type": "decor",
            "variant": 0,
            "pos": [
                24,
                9
            ]
        },
        "14;-4": {
            "type": "decor",
            "variant": 0,
            "pos": [
                14,
                -4
            ]
        },
        "5;-1": {
            "type": "decor",
            "variant": 0,
            "pos": [
                5,
                -1
            ]
        },
        "4;-1": {
            "type": "decor",
            "variant": 0,
            "pos": [
                4,
                -1
            ]
        },
        "0;2": {
            "type": "decor",
            "variant": 0,
            "pos": [
                0,
                2
            ]
        },
        "-6;3": {
            "type": "decor",
            "variant": 0,
            "pos": [
                -6,
                3
            ]
        },
        "-5;3": {
            "type": "decor",
            "variant": 1,
            "pos": [
                -5,
                3
            ]
        },
        "-3;3": {
            "type": "decor",
            "variant": 1,
            "pos": [
                -3,
                3
            ]
        },
        "6;-1": {
            "type": "decor",
            "variant": 1,
            "pos": [
                6,
                -1
            ]
        },
        "11;6": {
            "type": "decor",
            "variant": 1,
            "pos": [
                11,
                6
            ]
        },
        "15;-4": {
            "type": "decor",
            "variant": 1,
            "pos": [
                15,
                -4
            ]
        },
        "18;9": {
            "type": "decor",
            "variant": 1,
            "pos": [
                18,
                9
            ]
        },
        "25;9": {
            "type": "decor",
            "variant": 1,
            "pos": [
                25,
                9
            ]
        },
        "23;9": {
            "type": "decor",
            "variant": 2,
            "pos": [
                23,
                9
            ]
        },
        "20;9": {
            "type": "decor",
            "variant": 2,
            "pos": [
                20,
                9
            ]
        },
        "9;6": {
            "type": "decor",
            "variant": 2,
            "pos": [
                9,
                6
            ]
        },
        "13;-4": {
            "type": "decor",
            "variant": 2,
            "pos": [
                13,
                -4
            ]
        },
        "10;-4": {
            "type": "decor",
            "variant": 2,
            "pos": [
                10,
                -4
            ]
        },
        "1;2": {
            "type": "decor",
            "variant": 2,
            "pos": [
                1,
                2
            ]
        },
        "-4;3": {
            "type": "decor",
            "variant": 2,
            "pos": [
                -4,
                3
            ]
        },
        "-8;3": {
            "type": "decor",
            "variant": 2,
            "pos": [
                -8,
                3
            ]
        },
        "9;-4": {
            "type": "decor",
            "variant": 3,
            "pos": [
                9,
                -4
            ]
        },
        "22;-1": {
            "type": "decor",
            "variant": 3,
            "pos": [
                22,
                -1
            ]
        },
        "26;-1": {
            "type": "decor",
            "variant": 3,
            "pos": [
                26,
                -1
            ]
        },
        "32;7": {
            "type": "decor",
            "variant": 3,
            "pos": [
                32,
                7
            ]
        },
        "4;2": {
            "type": "grass",
            "variant": 7,
            "pos": [
                4,
                2
            ]
        },
        "18;14": {
            "type": "grass",
            "variant": 8,
            "pos": [
                18,
                14
            ]
        },
        "19;14": {
            "type": "grass",
            "variant": 8,
            "pos": [
                19,
                14
            ]
        },
        "20;14": {
            "type": "grass",
            "variant": 8,
            "pos": [
                20,
                14
            ]
        },
        "21;14": {
            "type": "grass",
            "variant": 8,
            "pos": [
                21,
                14
            ]
        },
        "22;14": {
            "type": "grass",
            "variant": 8,
            "pos": [
                22,
                14
            ]
        },
        "17;14": {
            "type": "grass",
            "variant": 8,
            "pos": [
                17,
                14
            ]
        },
        "23;14": {
            "type": "grass",
            "variant": 8,
            "pos": [
                23,
                14
            ]
        },
        "24;14": {
            "type": "grass",
            "variant": 8,
            "pos": [
                24,
                14
            ]
        },
        "25;15": {
            "type": "grass",
            "variant": 4,
            "pos": [
                25,
                15
            ]
        },
        "24;15": {
            "type": "grass",
            "variant": 8,
            "pos": [
                24,
                15
            ]
        },
        "23;15": {
            "type": "grass",
            "variant": 8,
            "pos": [
                23,
                15
            ]
        },
        "22;15": {
            "type": "grass",
            "variant": 8,
            "pos": [
                22,
                15
            ]
        },
        "21;15": {
            "type": "grass",
            "variant": 8,
            "pos": [
                21,
                15
            ]
        },
        "20;15": {
            "type": "grass",
            "variant": 8,
            "pos": [
                20,
                15
            ]
        },
        "19;15": {
            "type": "grass",
            "variant": 8,
            "pos": [
                19,
                15
            ]
        },
        "18;15": {
            "type": "grass",
            "variant": 8,
            "pos": [
                18,
                15
            ]
        },
        "18;16": {
            "type": "grass",
            "variant": 8,
            "pos": [
                18,
                16
            ]
        },
        "19;16": {
            "type": "grass",
            "variant": 8,
            "pos": [
                19,
                16
            ]
        },
        "20;16": {
            "type": "grass",
            "variant": 8,
            "pos": [
                20,
                16
            ]
        },
        "21;16": {
            "type": "grass",
            "variant": 8,
            "pos": [
                21,
                16
            ]
        },
        "22;16": {
            "type": "grass",
            "variant": 8,
            "pos": [
                22,
                16
            ]
        },
        "23;16": {
            "type": "grass",
            "variant": 5,
            "pos": [
                23,
                16
            ]
        },
        "24;16": {
            "type": "grass",
            "variant": 4,
            "pos": [
                24,
                16
            ]
        },
        "29;4": {
            "type": "grass",
            "variant": 6,
            "pos": [
                29,
                4
            ]
        },
        "29;3": {
            "type": "grass",
            "variant": 0,
            "pos": [
                29,
                3
            ]
        },
        "16;13": {
            "type": "grass",
            "variant": 7,
            "pos": [
                16,
                13
            ]
        },
        "16;14": {
            "type": "grass",
            "variant": 7,
            "pos": [
                16,
                14
            ]
        },
        "16;15": {
            "type": "grass",
            "variant": 6,
            "pos": [
                16,
                15
            ]
        },
        "17;15": {
            "type": "grass",
            "variant": 8,
            "pos": [
                17,
                15
            ]
        },
        "17;16": {
            "type": "grass",
            "variant": 7,
            "pos": [
                17,
                16
            ]
        },
        "13;12": {
            "type": "decor",
            "variant": 0,
            "pos": [
                13,
                12
            ]
        },
        "12;12": {
            "type": "decor",
            "variant": 3,
            "pos": [
                12,
                12
            ]
        },
        "11;12": {
            "type": "decor",
            "variant": 1,
            "pos": [
                11,
                12
            ]
        },
        "30;7": {
            "type": "decor",
            "variant": 2,
            "pos": [
                30,
                7
            ]
        },
        "31;7": {
            "type": "decor",
            "variant": 2,
            "pos": [
                31,
                7
            ]
        },
        "31;1": {
            "type": "decor",
            "variant": 0,
            "pos": [
                31,
                1
            ]
        },
        "30;1": {
            "type": "decor",
            "variant": 3,
            "pos": [
                30,
                1
            ]
        },
        "29;2": {
            "type": "decor",
            "variant": 3,
            "pos": [
                29,
                2
            ]
        },
        "12;6": {
            "type": "decor",
            "variant": 3,
            "pos": [
                12,
                6
            ]
        },
        "8;16": {
            "type": "grass",
            "variant": 8,
            "pos": [
                8,
                16
            ]
        },
        "7;16": {
            "type": "grass",
            "variant": 8,
            "pos": [
                7,
                16
            ]
        },
        "7;15": {
            "type": "grass",
            "variant": 8,
            "pos": [
                7,
                15
            ]
        },
        "7;14": {
            "type": "grass",
            "variant": 1,
            "pos": [
                7,
                14
            ]
        },
        "6;14": {
            "type": "grass",
            "variant": 0,
            "pos": [
                6,
                14
            ]
        },
        "5;15": {
            "type": "grass",
            "variant": 1,
            "pos": [
                5,
                15
            ]
        },
        "5;16": {
            "type": "grass",
            "variant": 5,
            "pos": [
                5,
                16
            ]
        },
        "6;15": {
            "type": "grass",
            "variant": 8,
            "pos": [
                6,
                15
            ]
        },
        "6;16": {
            "type": "grass",
            "variant": 8,
            "pos": [
                6,
                16
            ]
        },
        "4;15": {
            "type": "grass",
            "variant": 0,
            "pos": [
                4,
                15
            ]
        },
        "4;16": {
            "type": "grass",
            "variant": 6,
            "pos": [
                4,
                16
            ]
        },
        "4;14": {
            "type": "decor",
            "variant": 1,
            "pos": [
                4,
                14
            ]
        },
        "5;14": {
            "type": "decor",
            "variant": 2,
            "pos": [
                5,
                14
            ]
        },
        "6;13": {
            "type": "decor",
            "variant": 2,
            "pos": [
                6,
                13
            ]
        },
        "7;13": {
            "type": "decor",
            "variant": 3,
            "pos": [
                7,
                13
            ]
        },
        "6;17": {
            "type": "grass",
            "variant": 6,
            "pos": [
                6,
                17
            ]
        },
        "7;17": {
            "type": "grass",
            "variant": 8,
            "pos": [
                7,
                17
            ]
        },
        "8;17": {
            "type": "grass",
            "variant": 8,
            "pos": [
                8,
                17
            ]
        },
        "9;17": {
            "type": "grass",
            "variant": 8,
            "pos": [
                9,
                17
            ]
        },
        "10;17": {
            "type": "grass",
            "variant": 8,
            "pos": [
                10,
                17
            ]
        },
        "11;17": {
            "type": "grass",
            "variant": 4,
            "pos": [
                11,
                17
            ]
        },
        "8;18": {
            "type": "grass",
            "variant": 5,
            "pos": [
                8,
                18
            ]
        },
        "7;18": {
            "type": "grass",
            "variant": 6,
            "pos": [
                7,
                18
            ]
        },
        "9;18": {
            "type": "grass",
            "variant": 5,
            "pos": [
                9,
                18
            ]
        },
        "10;18": {
            "type": "grass",
            "variant": 4,
            "pos": [
                10,
                18
            ]
        },
        "18;17": {
            "type": "grass",
            "variant": 8,
            "pos": [
                18,
                17
            ]
        },
        "19;17": {
            "type": "grass",
            "variant": 8,
            "pos": [
                19,
                17
            ]
        },
        "20;17": {
            "type": "grass",
            "variant": 8,
            "pos": [
                20,
                17
            ]
        },
        "21;17": {
            "type": "grass",
            "variant": 8,
            "pos": [
                21,
                17
            ]
        },
        "22;17": {
            "type": "grass",
            "variant": 3,
            "pos": [
                22,
                17
            ]
        },
        "22;18": {
            "type": "grass",
            "variant": 4,
            "pos": [
                22,
                18
            ]
        },
        "21;18": {
            "type": "grass",
            "variant": 5,
            "pos": [
                21,
                18
            ]
        },
        "20;18": {
            "type": "grass",
            "variant": 5,
            "pos": [
                20,
                18
            ]
        },
        "19;18": {
            "type": "grass",
            "variant": 5,
            "pos": [
                19,
                18
            ]
        },
        "18;18": {
            "type": "grass",
            "variant": 5,
            "pos": [
                18,
                18
            ]
        },
        "17;18": {
            "type": "grass",
            "variant": 6,
            "pos": [
                17,
                18
            ]
        },
        "17;17": {
            "type": "grass",
            "variant": 7,
            "pos": [
                17,
                17
            ]
        },
        "-6;8": {
            "type": "grass",
            "variant": 6,
            "pos": [
                -6,
                8
            ]
        },
        "-5;8": {
            "type": "grass",
            "variant": 5,
            "pos": [
                -5,
                8
            ]
        },
        "-4;8": {
            "type": "grass",
            "variant": 5,
            "pos": [
                -4,
                8
            ]
        },
        "-3;8": {
            "type": "grass",
            "variant": 5,
            "pos": [
                -3,
                8
            ]
        },
        "-1;7": {
            "type": "grass",
            "variant": 5,
            "pos": [
                -1,
                7
            ]
        },
        "-2;8": {
            "type": "grass",
            "variant": 4,
            "pos": [
                -2,
                8
            ]
        },
        "0;7": {
            "type": "grass",
            "variant": 4,
            "pos": [
                0,
                7
            ]
        },
        "1;5": {
            "type": "grass",
            "variant": 3,
            "pos": [
                1,
                5
            ]
        },
        "3;8": {
            "type": "grass",
            "variant": 0,
            "pos": [
                3,
                8
            ]
        },
        "3;9": {
            "type": "grass",
            "variant": 6,
            "pos": [
                3,
                9
            ]
        },
        "5;8": {
            "type": "grass",
            "variant": 2,
            "pos": [
                5,
                8
            ]
        },
        "4;8": {
            "type": "grass",
            "variant": 1,
            "pos": [
                4,
                8
            ]
        },
        "4;9": {
            "type": "grass",
            "variant": 4,
            "pos": [
                4,
                9
            ]
        },
        "5;9": {
            "type": "stone",
            "variant": 2,
            "pos": [
                5,
                9
            ]
        },
        "4;3": {
            "type": "grass",
            "variant": 6,
            "pos": [
                4,
                3
            ]
        },
        "5;3": {
            "type": "grass",
            "variant": 4,
            "pos": [
                5,
                3
            ]
        },
        "1;6": {
            "type": "grass",
            "variant": 4,
            "pos": [
                1,
                6
            ]
        },
        "5;10": {
            "type": "stone",
            "variant": 4,
            "pos": [
                5,
                10
            ]
        },
        "4;10": {
            "type": "stone",
            "variant": 5,
            "pos": [
                4,
                10
            ]
        },
        "3;10": {
            "type": "stone",
            "variant": 6,
            "pos": [
                3,
                10
            ]
        },
        "4;7": {
            "type": "decor",
            "variant": 0,
            "pos": [
                4,
                7
            ]
        },
        "3;7": {
            "type": "decor",
            "variant": 0,
            "pos": [
                3,
                7
            ]
        }
    },
    "tile_size": 16,
    "offgrid_tiles": [
        {
            "type": "large_decor",
            "variant": 0,
            "pos": [
                488.0,
                119.0
            ]
        },
        {
            "type": "large_decor",
            "variant": 0,
            "pos": [
                381.0,
                -9.0
            ]
        },
        {
            "type": "large_decor",
            "variant": 0,
            "pos": [
                261.5,
                151.5
            ]
        },
        {
            "type": "large_decor",
            "variant": 0,
            "pos": [
                51.5,
                -9.0
            ]
        },
        {
            "type": "large_decor",
            "variant": 0,
            "pos": [
                -111.5,
                55.5
            ]
        },
        {
            "type": "large_decor",
            "variant": 1,
            "pos": [
                406.5,
                150.0
            ]
        },
        {
            "type": "large_decor",
            "variant": 1,
            "pos": [
                424.5,
                165.0
            ]
        },
        {
            "type": "large_decor",
            "variant": 1,
            "pos": [
                131.0,
                117.0
            ]
        },
        {
            "type": "large_decor",
            "variant": 1,
            "pos": [
                -10.5,
                36.5
            ]
        },
        {
            "type": "large_decor",
            "variant": 2,
            "pos": [
                -45.5,
                20.5
            ]
        },
        {
            "type": "large_decor",
            "variant": 2,
            "pos": [
                10.5,
                29.5
            ]
        },
        {
            "type": "large_decor",
            "variant": 2,
            "pos": [
                88.0,
                -42.5
            ]
        },
        {
            "type": "large_decor",
            "variant": 2,
            "pos": [
                224.5,
                -89.5
            ]
        },
        {
            "type": "large_decor",
            "variant": 2,
            "pos": [
                179.5,
                -60.5
            ]
        },
        {
            "type": "large_decor",
            "variant": 2,
            "pos": [
                291.0,
                117.0
            ]
        },
        {
            "type": "large_decor",
            "variant": 2,
            "pos": [
                348.0,
                136.5
            ]
        },
        {
            "type": "spawners",
            "variant": 0,
            "pos": [
                332.5,
                142.5
            ]
        },
        {
            "type": "spawners",
            "variant": 1,
            "pos": [
                490.0,
                111.5
            ]
        },
        {
            "type": "spawners",
            "variant": 1,
            "pos": [
                343.0,
                -16.5
            ]
        },
        {
            "type": "spawners",
            "variant": 1,
            "pos": [
                379.5,
                -17.0
            ]
        },
        {
            "type": "spawners",
            "variant": 1,
            "pos": [
                409.5,
                -15.5
            ]
        },
        {
            "type": "spawners",
            "variant": 1,
            "pos": [
                218.5,
                -64.0
            ]
        },
        {
            "type": "spawners",
            "variant": 1,
            "pos": [
                164.0,
                -64.0
            ]
        },
        {
            "type": "spawners",
            "variant": 1,
            "pos": [
                85.0,
                -16.5
            ]
        },
        {
            "type": "spawners",
            "variant": 1,
            "pos": [
                4.0,
                31.0
            ]
        },
        {
            "type": "spawners",
            "variant": 1,
            "pos": [
                -114.0,
                48.0
            ]
        },
        {
            "type": "spawners",
            "variant": 1,
            "pos": [
                -74.0,
                46.5
            ]
        },
        {
            "type": "spawners",
            "variant": 1,
            "pos": [
                -44.0,
                47.0
            ]
        },
        {
            "type": "spawners",
            "variant": 1,
            "pos": [
                156.5,
                93.5
            ]
        },
        {
            "type": "large_decor",
            "variant": 0,
            "pos": [
                145.0,
                199.5
            ]
        },
        {
            "type": "large_decor",
            "variant": 0,
            "pos": [
                168.0,
                199.5
            ]
        },
        {
            "type": "large_decor",
            "variant": 2,
            "pos": [
                123.0,
                180.5
            ]
        },
        {
            "type": "large_decor",
            "variant": 2,
            "pos": [
                476.5,
                85.0
            ]
        },
        {
            "type": "large_decor",
            "variant": 2,
            "pos": [
                478.5,
                -11.5
            ]
        },
        {
            "type": "large_decor",
            "variant": 1,
            "pos": [
                198.0,
                197.5
            ]
        },
        {
            "type": "large_decor",
            "variant": 1,
            "pos": [
                465.5,
                37.5
            ]
        },
        {
            "type": "large_decor",
            "variant": 2,
            "pos": [
                202.5,
                68.0
            ]
        },
        {
            "type": "decor",
            "variant": 3,
            "pos": [
                204.5,
                96.0
            ]
        },
        {
            "type": "decor",
            "variant": 3,
            "pos": [
                198.5,
                85.0
            ]
        },
        {
            "type": "spawners",
            "variant": 1,
            "pos": [
                189.5,
                96.5
            ]
        },
        {
            "type": "spawners",
            "variant": 1,
            "pos": [
                203.0,
                192.5
            ]
        },
        {
            "type": "spawners",
            "variant": 1,
            "pos": [
                108.5,
                208.0
            ]
        },
        {
            "type": "large_decor",
            "variant": 1,
            "pos": [
                112.0,
                213.0
            ]
        },
        {
            "type": "large_decor",
            "variant": 1,
            "pos": [
                94.5,
                212.5
            ]
        },
        {
            "type": "large_decor",
            "variant": 1,
            "pos": [
                66.5,
                229.5
            ]
        },
        {
            "type": "large_decor",
            "variant": 2,
            "pos": [
                62.0,
                84.5
            ]
        },
        {
            "type": "decor",
            "variant": 3,
            "pos": [
                81.0,
                112.0
            ]
        }
    ]
}