{
    "tilemap": {
        "7;8": {
            "type": "grass",
            "variant": 1,
            "pos": [
                7,
                8
            ]
        },
        "6;8": {
            "type": "grass",
            "variant": 1,
            "pos": [
                6,
                8
            ]
        },
        "5;8": {
            "type": "grass",
            "variant": 1,
            "pos": [
                5,
                8
            ]
        },
        "4;8": {
            "type": "grass",
            "variant": 0,
            "pos": [
                4,
                8
            ]
        },
        "4;9": {
            "type": "grass",
            "variant": 7,
            "pos": [
                4,
                9
            ]
        },
        "4;10": {
            "type": "grass",
            "variant": 8,
            "pos": [
                4,
                10
            ]
        },
        "3;10": {
            "type": "grass",
            "variant": 0,
            "pos": [
                3,
                10
            ]
        },
        "3;11": {
            "type": "grass",
            "variant": 6,
            "pos": [
                3,
                11
            ]
        },
        "4;12": {
            "type": "grass",
            "variant": 6,
            "pos": [
                4,
                12
            ]
        },
        "5;13": {
            "type": "grass",
            "variant": 6,
            "pos": [
                5,
                13
            ]
        },
        "6;13": {
            "type": "grass",
            "variant": 8,
            "pos": [
                6,
                13
            ]
        },
        "6;14": {
            "type": "grass",
            "variant": 6,
            "pos": [
                6,
                14
            ]
        },
        "7;14": {
            "type": "grass",
            "variant": 5,
            "pos": [
                7,
                14
            ]
        },
        "8;14": {
            "type": "grass",
            "variant": 5,
            "pos": [
                8,
                14
            ]
        },
        "9;14": {
            "type": "grass",
            "variant": 5,
            "pos": [
                9,
                14
            ]
        },
        "10;14": {
            "type": "grass",
            "variant": 5,
            "pos": [
                10,
                14
            ]
        },
        "11;14": {
            "type": "grass",
            "variant": 5,
            "pos": [
                11,
                14
            ]
        },
        "12;14": {
            "type": "grass",
            "variant": 4,
            "pos": [
                12,
                14
            ]
        },
        "12;13": {
            "type": "grass",
            "variant": 8,
            "pos": [
                12,
                13
            ]
        },
        "13;13": {
            "type": "grass",
            "variant": 4,
            "pos": [
                13,
                13
            ]
        },
        "14;12": {
            "type": "grass",
            "variant": 4,
            "pos": [
                14,
                12
            ]
        },
        "14;11": {
            "type": "grass",
            "variant": 3,
            "pos": [
                14,
                11
            ]
        },
        "14;10": {
            "type": "grass",
            "variant": 8,
            "pos": [
                14,
                10
            ]
        },
        "15;10": {
            "type": "grass",
            "variant": 4,
            "pos": [
                15,
                10
            ]
        },
        "15;9": {
            "type": "grass",
            "variant": 3,
            "pos": [
                15,
                9
            ]
        },
        "15;8": {
            "type": "grass",
            "variant": 3,
            "pos": [
                15,
                8
            ]
        },
        "15;7": {
            "type": "grass",
            "variant": 3,
            "pos": [
                15,
                7
            ]
        },
        "15;6": {
            "type": "grass",
            "variant": 2,
            "pos": [
                15,
                6
            ]
        },
        "14;6": {
            "type": "grass",
            "variant": 8,
            "pos": [
                14,
                6
            ]
        },
        "14;5": {
            "type": "grass",
            "variant": 2,
            "pos": [
                14,
                5
            ]
        },
        "13;5": {
            "type": "grass",
            "variant": 1,
            "pos": [
                13,
                5
            ]
        },
        "12;5": {
            "type": "grass",
            "variant": 1,
            "pos": [
                12,
                5
            ]
        },
        "11;5": {
            "type": "grass",
            "variant": 0,
            "pos": [
                11,
                5
            ]
        },
        "11;6": {
            "type": "grass",
            "variant": 8,
            "pos": [
                11,
                6
            ]
        },
        "10;6": {
            "type": "grass",
            "variant": 1,
            "pos": [
                10,
                6
            ]
        },
        "9;6": {
            "type": "grass",
            "variant": 0,
            "pos": [
                9,
                6
            ]
        },
        "9;7": {
            "type": "grass",
            "variant": 8,
            "pos": [
                9,
                7
            ]
        },
        "8;7": {
            "type": "grass",
            "variant": 0,
            "pos": [
                8,
                7
            ]
        },
        "8;8": {
            "type": "grass",
            "variant": 8,
            "pos": [
                8,
                8
            ]
        },
        "6;9": {
            "type": "grass",
            "variant": 8,
            "pos": [
                6,
                9
            ]
        },
        "5;9": {
            "type": "grass",
            "variant": 8,
            "pos": [
                5,
                9
            ]
        },
        "5;10": {
            "type": "grass",
            "variant": 8,
            "pos": [
                5,
                10
            ]
        },
        "5;11": {
            "type": "grass",
            "variant": 8,
            "pos": [
                5,
                11
            ]
        },
        "4;11": {
            "type": "grass",
            "variant": 8,
            "pos": [
                4,
                11
            ]
        },
        "5;12": {
            "type": "grass",
            "variant": 8,
            "pos": [
                5,
                12
            ]
        },
        "6;12": {
            "type": "grass",
            "variant": 8,
            "pos": [
                6,
                12
            ]
        },
        "7;12": {
            "type": "grass",
            "variant": 8,
            "pos": [
                7,
                12
            ]
        },
        "8;12": {
            "type": "grass",
            "variant": 8,
            "pos": [
                8,
                12
            ]
        },
        "7;13": {
            "type": "grass",
            "variant": 8,
            "pos": [
                7,
                13
            ]
        },
        "8;13": {
            "type": "grass",
            "variant": 8,
            "pos": [
                8,
                13
            ]
        },
        "9;12": {
            "type": "grass",
            "variant": 8,
            "pos": [
                9,
                12
            ]
        },
        "9;11": {
            "type": "grass",
            "variant": 8,
            "pos": [
                9,
                11
            ]
        },
        "10;11": {
            "type": "grass",
            "variant": 8,
            "pos": [
                10,
                11
            ]
        },
        "10;10": {
            "type": "grass",
            "variant": 8,
            "pos": [
                10,
                10
            ]
        },
        "10;9": {
            "type": "grass",
            "variant": 8,
            "pos": [
                10,
                9
            ]
        },
        "11;9": {
            "type": "grass",
            "variant": 8,
            "pos": [
                11,
                9
            ]
        },
        "11;8": {
            "type": "grass",
            "variant": 8,
            "pos": [
                11,
                8
            ]
        },
        "12;6": {
            "type": "grass",
            "variant": 8,
            "pos": [
                12,
                6
            ]
        },
        "13;6": {
            "type": "grass",
            "variant": 8,
            "pos": [
                13,
                6
            ]
        },
        "13;7": {
            "type": "grass",
            "variant": 8,
            "pos": [
                13,
                7
            ]
        },
        "14;7": {
            "type": "grass",
            "variant": 8,
            "pos": [
                14,
                7
            ]
        },
        "14;8": {
            "type": "grass",
            "variant": 8,
            "pos": [
                14,
                8
            ]
        },
        "13;8": {
            "type": "grass",
            "variant": 8,
            "pos": [
                13,
                8
            ]
        },
        "13;9": {
            "type": "grass",
            "variant": 8,
            "pos": [
                13,
                9
            ]
        },
        "13;10": {
            "type": "grass",
            "variant": 8,
            "pos": [
                13,
                10
            ]
        },
        "14;9": {
            "type": "grass",
            "variant": 8,
            "pos": [
                14,
                9
            ]
        },
        "13;11": {
            "type": "grass",
            "variant": 8,
            "pos": [
                13,
                11
            ]
        },
        "13;12": {
            "type": "grass",
            "variant": 8,
            "pos": [
                13,
                12
            ]
        },
        "12;12": {
            "type": "grass",
            "variant": 8,
            "pos": [
                12,
                12
            ]
        },
        "11;12": {
            "type": "grass",
            "variant": 8,
            "pos": [
                11,
                12
            ]
        },
        "10;12": {
            "type": "grass",
            "variant": 8,
            "pos": [
                10,
                12
            ]
        },
        "10;13": {
            "type": "grass",
            "variant": 8,
            "pos": [
                10,
                13
            ]
        },
        "9;13": {
            "type": "grass",
            "variant": 8,
            "pos": [
                9,
                13
            ]
        },
        "11;13": {
            "type": "grass",
            "variant": 8,
            "pos": [
                11,
                13
            ]
        },
        "11;11": {
            "type": "grass",
            "variant": 8,
            "pos": [
                11,
                11
            ]
        },
        "11;10": {
            "type": "grass",
            "variant": 8,
            "pos": [
                11,
                10
            ]
        },
        "12;10": {
            "type": "grass",
            "variant": 8,
            "pos": [
                12,
                10
            ]
        },
        "12;9": {
            "type": "grass",
            "variant": 8,
            "pos": [
                12,
                9
            ]
        },
        "12;8": {
            "type": "grass",
            "variant": 8,
            "pos": [
                12,
                8
            ]
        },
        "12;7": {
            "type": "grass",
            "variant": 8,
            "pos": [
                12,
                7
            ]
        },
        "11;7": {
            "type": "grass",
            "variant": 8,
            "pos": [
                11,
                7
            ]
        },
        "12;11": {
            "type": "grass",
            "variant": 8,
            "pos": [
                12,
                11
            ]
        },
        "10;8": {
            "type": "grass",
            "variant": 8,
            "pos": [
                10,
                8
            ]
        },
        "10;7": {
            "type": "grass",
            "variant": 8,
            "pos": [
                10,
                7
            ]
        },
        "9;9": {
            "type": "grass",
            "variant": 8,
            "pos": [
                9,
                9
            ]
        },
        "9;10": {
            "type": "grass",
            "variant": 8,
            "pos": [
                9,
                10
            ]
        },
        "8;10": {
            "type": "grass",
            "variant": 8,
            "pos": [
                8,
                10
            ]
        },
        "8;11": {
            "type": "grass",
            "variant": 8,
            "pos": [
                8,
                11
            ]
        },
        "7;11": {
            "type": "grass",
            "variant": 8,
            "pos": [
                7,
                11
            ]
        },
        "6;11": {
            "type": "grass",
            "variant": 8,
            "pos": [
                6,
                11
            ]
        },
        "6;10": {
            "type": "grass",
            "variant": 8,
            "pos": [
                6,
                10
            ]
        },
        "7;10": {
            "type": "grass",
            "variant": 8,
            "pos": [
                7,
                10
            ]
        },
        "7;9": {
            "type": "grass",
            "variant": 8,
            "pos": [
                7,
                9
            ]
        },
        "8;9": {
            "type": "grass",
            "variant": 8,
            "pos": [
                8,
                9
            ]
        },
        "9;8": {
            "type": "grass",
            "variant": 8,
            "pos": [
                9,
                8
            ]
        },
        "14;4": {
            "type": "decor",
            "variant": 0,
            "pos": [
                14,
                4
            ]
        },
        "13;4": {
            "type": "decor",
            "variant": 2,
            "pos": [
                13,
                4
            ]
        },
        "9;5": {
            "type": "decor",
            "variant": 2,
            "pos": [
                9,
                5
            ]
        },
        "6;7": {
            "type": "decor",
            "variant": 2,
            "pos": [
                6,
                7
            ]
        },
        "3;9": {
            "type": "decor",
            "variant": 2,
            "pos": [
                3,
                9
            ]
        },
        "4;7": {
            "type": "decor",
            "variant": 2,
            "pos": [
                4,
                7
            ]
        },
        "5;7": {
            "type": "decor",
            "variant": 3,
            "pos": [
                5,
                7
            ]
        },
        "8;6": {
            "type": "decor",
            "variant": 3,
            "pos": [
                8,
                6
            ]
        },
        "15;5": {
            "type": "decor",
            "variant": 3,
            "pos": [
                15,
                5
            ]
        }
    },
    "tile_size": 16,
    "offgrid_tiles": [
        {
            "type": "decor",
            "variant": 3,
            "pos": [
                240.0,
                68.0
            ]
        },
        {
            "type": "large_decor",
            "variant": 0,
            "pos": [
                98.0,
                119.0
            ]
        },
        {
            "type": "large_decor",
            "variant": 2,
            "pos": [
                173.0,
                37.0
            ]
        },
        {
            "type": "large_decor",
            "variant": 2,
            "pos": [
                57.0,
                85.5
            ]
        },
        {
            "type": "large_decor",
            "variant": 1,
            "pos": [
                231.0,
                85.0
            ]
        },
        {
            "type": "large_decor",
            "variant": 1,
            "pos": [
                188.0,
                69.0
            ]
        },
        {
            "type": "large_decor",
            "variant": 1,
            "pos": [
                149.0,
                85.0
            ]
        },
        {
            "type": "spawners",
            "variant": 0,
            "pos": [
                153.0,
                79.0
            ]
        }
    ]
}